{
  "episode_rewards": [
    -287.63345072207943,
    -206.68051699631917,
    -196.88587210726527,
    -129.03630143470318,
    -140.17702786536736,
    -128.14717147419444,
    -130.1386371828416,
    -116.6014047764473,
    -326.41080253643725,
    -189.02381217376603,
    -120.19148284083606,
    -38.658110505978854,
    -15.46049005430281
  ],
  "episode_lengths": [
    3348,
    1518,
    1500,
    1042,
    743,
    828,
    810,
    796,
    4796,
    3870,
    5001,
    448,
    436
  ],
  "eval_rewards": [],
  "best_eval_reward": -Infinity,
  "episode_times": [
    18.8614239692688,
    11.449575185775757,
    13.398422241210938,
    11.949580192565918,
    6.5552709102630615,
    9.55832815170288,
    8.10368299484253,
    12.61779499053955,
    45.61939549446106,
    41.19716930389404,
    59.698636531829834,
    17.689589262008667,
    9.927215576171875
  ]
}