{
  "episode_rewards": [
    -287.63345072207943,
    -206.68051699631917,
    -196.88587210726527,
    -129.03630143470318,
    -140.17702786536736,
    -128.14717147419444,
    -130.1386371828416,
    -116.6014047764473,
    -326.41080253643725,
    -189.02381217376603,
    -120.19148284083606,
    -38.658110505978854,
    -15.46049005430281,
    -35.72505496646518,
    -35.457460250529664,
    -69.19959321461079,
    -72.07032576303925,
    -39.69620300485113,
    0.9039086145713924,
    -84.47651476123791,
    -84.85005792006743,
    85.48935454228517,
    -12.261265580430347
  ],
  "episode_lengths": [
    3348,
    1518,
    1500,
    1042,
    743,
    828,
    810,
    796,
    4796,
    3870,
    5001,
    448,
    436,
    5001,
    5001,
    255,
    564,
    661,
    860,
    1415,
    257,
    5001,
    672
  ],
  "eval_rewards": [],
  "best_eval_reward": -Infinity,
  "episode_times": [
    38.442598819732666,
    21.2398521900177,
    24.22134757041931,
    15.022417306900024,
    10.803356647491455,
    16.62053894996643,
    12.271599531173706,
    17.420803785324097,
    63.541088342666626,
    55.578468322753906,
    66.86345410346985,
    14.803820848464966,
    9.548305749893188,
    65.55119514465332,
    70.42199325561523,
    6.110361337661743,
    10.020631074905396,
    13.84228253364563,
    18.888476371765137,
    457.1182999610901,
    14.791021347045898,
    79.90489339828491,
    12.529524564743042
  ]
}